Seed,Class,LOF_AUC,LOF_50,LOF_100,LOF_500,KNN_AUC,MO_GAAL_AUC,AnoGAN_AUC,DeepSVDD_AUC
777.0,1.0,0.4398398888888889,0.4398387777777778,0.4396096666666666,0.43953422222222216,0.43535877777777776,0.5277010555555556,0.5461691111111111,0.5539056666666666
45116.0,1.0,0.4398398888888889,0.4394365555555556,0.43958411111111106,0.43957022222222225,0.43535877777777776,0.515923888888889,0.5459702777777777,0.5809991666666666
