Seed,Class,LOF_AUC,LOF_50,LOF_100,LOF_500,KNN_AUC,MO_GAAL_AUC,AnoGAN_AUC,DeepSVDD_AUC
777.0,8.0,0.685189,0.6851298888888888,0.6850902222222222,0.684982,0.6889744444444444,0.35392772222222224,0.3626730555555556,0.5044417777777778
45116.0,8.0,0.685189,0.6851144444444445,0.6850066666666667,0.6850588888888889,0.6889744444444444,0.32301611111111117,0.3619061111111111,0.4905664444444444
4403.0,8.0,0.685189,0.6849625555555555,0.6850388888888889,0.6849977777777778,0.6889744444444444,0.3408296111111111,0.37461494444444443,0.487516
92879.0,8.0,0.685189,0.6847583333333334,0.6848406666666668,0.6850642222222223,0.6889744444444444,0.38059472222222224,0.36160416666666667,0.4927205555555556
34770.0,8.0,0.685189,0.68523,0.6852475555555556,0.6850237777777777,0.6889744444444444,0.3510189444444444,0.3644965,0.5248694444444445
