Seed,Class,LOF_AUC,LOF_50,LOF_100,LOF_500,KNN_AUC,MO_GAAL_AUC,AnoGAN_AUC,DeepSVDD_AUC
777.0,8.0,0.8132747777777778,0.8168988888888888,0.81658,0.8169045555555555,0.8793477777777777,0.2804376111111111,0.37655916666666667,0.571263111111111
45116.0,8.0,0.8132747777777778,0.8166027777777778,0.817938111111111,0.8170168888888888,0.8793477777777777,0.27470755555555554,0.3639106111111111,0.5263332222222222
4403.0,8.0,0.8132747777777778,0.8166587777777778,0.8164396666666667,0.8169447777777777,0.8793477777777777,0.2558600555555555,0.3510953333333333,0.6096427777777778
92879.0,8.0,0.8132747777777778,0.8184791111111112,0.8171342222222222,0.8170488888888888,0.8793477777777777,0.2771191111111111,0.4534837222222222,0.5131163333333333
34770.0,8.0,0.8132747777777778,0.8189704444444444,0.8181124444444444,0.8174655555555556,0.8793477777777777,0.27590305555555555,0.40832738888888886,0.5839978888888888
