Seed,Class,LOF_AUC,LOF_50,LOF_100,LOF_500,KNN_AUC,MO_GAAL_AUC,AnoGAN_AUC,DeepSVDD_AUC
777.0,6,0.8038345555555555,0.8058365555555556,0.805887888888889,0.805593,0.8276825555555556,0.3368376666666667,0.6623588888888888,0.6195937777777778
45116.0,6,0.8038345555555555,0.8063776666666667,0.8061699999999999,0.8057435555555555,0.8276825555555556,0.3587635555555556,0.4264862222222222,0.6053586666666667
4403.0,6,0.8038345555555555,0.8052425555555556,0.805623,0.805675,0.8276825555555556,0.3271446111111111,0.3788473888888889,0.5545672222222222
92879.0,6,0.8038345555555555,0.8054537777777777,0.8058289999999999,0.8057272222222223,0.8276825555555556,0.3449511666666667,0.5174543333333333,0.5936268888888889
34770.0,6,0.8038345555555555,0.8052131111111112,0.805256,0.8055573333333332,0.8276825555555556,0.3386088888888889,0.41071050000000003,0.6471883333333333
