Seed,Class,LOF_AUC,LOF_50,LOF_100,LOF_500,KNN_AUC,MO_GAAL_AUC,AnoGAN_AUC,DeepSVDD_AUC
777.0,4.0,0.9130302222222222,0.9137394444444444,0.9136436666666666,0.913467111111111,0.9034916666666666,0.17050605555555554,0.2767274444444444,0.6896938888888888
45116.0,4.0,0.9130302222222222,0.9137293333333333,0.9138266666666666,0.9135667777777778,0.9034916666666666,0.18756166666666668,0.23677844444444446,0.7379582222222222
4403.0,4.0,0.9130302222222222,0.9137586666666666,0.9136615555555556,0.9134534444444444,0.9034916666666666,0.16597194444444444,0.23256844444444447,0.6927020555555555
92879.0,4.0,0.9130302222222222,0.9134148888888889,0.9132083333333334,0.9135005555555556,0.9034916666666666,0.14871494444444444,0.24036288888888885,0.7439455555555556
34770.0,4.0,0.9130302222222222,0.9135714444444444,0.9137416666666667,0.913556888888889,0.9034916666666666,0.17498233333333335,0.26694966666666664,0.7138317777777777
