Seed, Deep_SVDD_AUC
777.0,0.4108606557377049
45116.0,0.42725409836065575
4403.0,0.5133196721311475
92879.0,0.7254098360655739
34770.0,0.45594262295081966
