Seed, Deep_SVDD_AUC
777.0,0.7133904194589229
45116.0,0.6800307148175725
4403.0,0.6476250310250684
92879.0,0.6612605485232067
34770.0,0.721092392653264
